<?xml version="1.0" encoding="UTF-8"?>
<project-private xmlns="http://www.netbeans.org/ns/project-private/1">
    <editor-bookmarks xmlns="http://www.netbeans.org/ns/editor-bookmarks/2" lastBookmarkId="1">
        <file>
            <url>src/DAO/VeiculosDAO.java</url>
            <bookmark id="1">
                <name/>
                <line>20</line>
                <key/>
            </bookmark>
        </file>
    </editor-bookmarks>
    <open-files xmlns="http://www.netbeans.org/ns/projectui-open-files/2">
        <group>
            <file>file:/home/aluno/NetBeansProjects/CRUD/src/DAO/UsuarioDAO.java</file>
            <file>file:/home/aluno/NetBeansProjects/CRUD/src/VIEW/frmVeiculos.java</file>
            <file>file:/home/aluno/NetBeansProjects/CRUD/src/DTO/UsuarioDTO.java</file>
            <file>file:/home/aluno/NetBeansProjects/CRUD/src/DTO/VeiculoDTO.java</file>
            <file>file:/home/aluno/NetBeansProjects/CRUD/src/DAO/ConexaoDAO.java</file>
            <file>file:/home/aluno/NetBeansProjects/CRUD/src/VIEW/frmUsuario.java</file>
            <file>file:/home/aluno/NetBeansProjects/CRUD/src/DAO/VeiculoDAO.java</file>
        </group>
    </open-files>
</project-private>
